micros,ax,ay
718717,-0.1117,-0.0136
718809,-0.1115,-0.0134
724301,-0.1114,-0.0135
732367,-0.1114,-0.0134
740315,-0.1116,-0.0136
748312,-0.1117,-0.0133
756305,-0.1115,-0.0136
764306,-0.1117,-0.0136
772319,-0.1116,-0.0137
780368,-0.1117,-0.0138
788339,-0.1115,-0.0136
796315,-0.1116,-0.0138
804323,-0.1115,-0.0136
812278,-0.1115,-0.0138
820314,-0.1118,-0.0135
828278,-0.1121,-0.0137
836328,-0.1121,-0.0138
844278,-0.1117,-0.0137
852334,-0.1118,-0.0135
860271,-0.1118,-0.0136
868323,-0.1116,-0.0136
876289,-0.1107,-0.0135
884332,-0.1094,-0.0134
892278,-0.1030,-0.0137
900332,-0.0950,-0.0137
908281,-0.0937,-0.0135
916379,-0.0936,-0.0136
924292,-0.0948,-0.0135
932339,-0.0955,-0.0135
940307,-0.0957,-0.0136
948331,-0.0956,-0.0140
956309,-0.0959,-0.0139
964285,-0.0959,-0.0134
972337,-0.0959,-0.0135
980399,-0.0958,-0.0139
988324,-0.0957,-0.0136
996280,-0.0957,-0.0139
1004329,-0.0959,-0.0137
1012312,-0.0961,-0.0137
1020337,-0.1037,-0.0139
1028280,-0.1263,-0.0172
1036316,-0.1324,-0.0175
1044261,-0.1375,-0.0176
1052316,-0.1411,-0.0172
1060271,-0.1445,-0.0171
1068331,-0.1479,-0.0125
1076265,-0.1502,0.0005
1084320,-0.1510,0.0139
1092263,-0.1546,0.0356
1100312,-0.1664,0.0840
1108271,-0.1786,0.1530
1116320,-0.1905,0.2383
1124266,-0.2009,0.3397
1132374,-0.2066,0.4547
1140288,-0.2085,0.5779
1148297,-0.1994,0.7160
1156281,-0.1640,0.8468
1164286,-0.1074,0.9269
1172301,-0.0822,0.9311
1180409,-0.0734,0.9317
1188298,-0.0630,0.9316
1196284,-0.0449,0.9326
1204338,-0.0287,0.9336
1212260,-0.0150,0.9321
1220313,0.0035,0.9267
1228260,0.0377,0.9132
1236327,0.0965,0.8903
1244318,0.1835,0.8593
1252326,0.2881,0.8230
1260271,0.3949,0.7823
1268309,0.5034,0.7357
1276453,0.5635,0.7017
1284309,0.5623,0.7009
1292283,0.5620,0.7007
1300300,0.5627,0.6959
1308278,0.5655,0.6701
1316440,0.5728,0.6172
1324263,0.5834,0.5401
1332311,0.6163,0.4351
1340257,0.6512,0.3111
1348323,0.6839,0.1944
1356270,0.7130,0.0774
1364278,0.7328,-0.0045
1372279,0.7328,-0.0239
1380412,0.7316,-0.0243
1388309,0.7299,-0.0262
1396258,0.7220,-0.0481
1404290,0.7082,-0.0965
1412256,0.6867,-0.1707
1420290,0.6596,-0.2465
1428267,0.6368,-0.3087
1436294,0.6199,-0.3586
1444246,0.6102,-0.4021
1452300,0.6001,-0.4478
1460254,0.5893,-0.4990
1468292,0.5813,-0.5645
1476251,0.5714,-0.6367
1484294,0.5564,-0.7168
1492268,0.5398,-0.7696
1500297,0.5393,-0.7699
1508254,0.5383,-0.7699
1516284,0.5355,-0.7700
1524250,0.5341,-0.7701
1532278,0.5336,-0.7701
1540254,0.5332,-0.7706
1548398,0.5321,-0.7705
1556276,0.5170,-0.7744
1564261,0.4903,-0.7871
1572290,0.4368,-0.8074
1580347,0.3653,-0.8345
1588283,0.2877,-0.8644
1596242,0.1980,-0.8966
1604300,0.0899,-0.9336
1612246,-0.0259,-0.9748
1620311,-0.1183,-0.9948
1628261,-0.1536,-0.9905
1636289,-0.1921,-0.9810
1644237,-0.2370,-0.9672
1652276,-0.2774,-0.9546
1660259,-0.3128,-0.9425
1668286,-0.3425,-0.9320
1676235,-0.3657,-0.9241
1684285,-0.4024,-0.9115
1692261,-0.4616,-0.8925
1700290,-0.5616,-0.8576
1708254,-0.6685,-0.8218
1716288,-0.7901,-0.7749
1724229,-0.8141,-0.7094
1732283,-0.8419,-0.6133
1740227,-0.8743,-0.4844
1748304,-0.9084,-0.3190
1756264,-0.9505,-0.1288
1764248,-0.9666,-0.0143
1772281,-0.9666,-0.0133
1780342,-0.9665,-0.0130
1788271,-0.9661,-0.0121
1796237,-0.9659,-0.0107
1804289,-0.9651,-0.0088
1812272,-0.9548,0.0087
1820312,-0.9167,0.1058
1828278,-0.8813,0.2748
1836275,-0.8197,0.5461
1844292,-0.7659,0.6992
1852277,-0.7658,0.6994
1860298,-0.7441,0.7096
1868292,-0.6522,0.7492
1876295,-0.5013,0.7990
1884284,-0.2694,0.8694
1892252,-0.0633,0.9316
1900289,0.0104,0.9246
1908241,0.1264,0.8858
1916271,0.3014,0.8220
1924223,0.5009,0.7372
1932259,0.5578,0.6985
1940257,0.5674,0.6230
1948461,0.5859,0.5589
1956265,0.6064,0.4710
1964268,0.6431,0.3263
1972254,0.6971,0.1298
1980349,0.7310,-0.0307
1988273,0.7036,-0.1291
1996233,0.6530,-0.3173
2004264,0.5974,-0.5873
2012243,0.5056,-0.7735
2020250,0.4482,-0.8029
2028230,0.3560,-0.8449
2036267,0.1995,-0.8990
2044225,0.0145,-0.9590
2052253,-0.1430,-0.9915
2060221,-0.3046,-0.9478
2068271,-0.5532,-0.8646
2076215,-0.8096,-0.7477
2084272,-0.8561,-0.4743
2092221,-0.9284,-0.0801
2100275,-0.9461,-0.0076
2108350,-0.9255,0.0437
2116315,-0.8792,0.2524
2124468,-0.8212,0.5385
2132331,-0.7646,0.7001
2140286,-0.7116,0.7192
2148386,-0.5541,0.7698
2156269,-0.3001,0.8474
2164250,-0.0835,0.9199
2172250,-0.0072,0.9175
2180339,0.1008,0.8834
2188269,0.2598,0.8223
2196216,0.4629,0.7487
2204274,0.5648,0.6948
2212216,0.5987,0.5246
2220259,0.6479,0.3302
2228222,0.7146,0.0871
2236278,0.7258,-0.0568
2244239,0.6751,-0.2444
2252277,0.5930,-0.6019
2260255,0.4318,-0.8114
2268271,0.2617,-0.8734
2276214,0.0394,-0.9490
2284252,-0.1755,-0.9902
2292217,-0.3844,-0.9243
2300260,-0.6629,-0.8217
2308207,-0.8132,-0.7372
2316252,-0.8432,-0.4786
2324219,-0.9139,-0.1219
2332242,-0.9412,-0.0134
2340205,-0.9407,-0.0055
2348238,-0.9120,0.0953
2356244,-0.8655,0.3152
2364222,-0.7852,0.6558
2372260,-0.6512,0.7370
2380348,-0.4552,0.7963
2388229,-0.1774,0.8856
2396200,-0.0321,0.9143
2404251,0.0918,0.8796
2412209,0.2438,0.8259
2420262,0.4118,0.7595
2428222,0.5575,0.6887
2436254,0.6118,0.5602
2444201,0.6437,0.3635
2452260,0.7071,0.1238
2460208,0.7275,-0.0563
2468263,0.6804,-0.2261
2476225,0.6071,-0.5399
2484243,0.5182,-0.7688
2492213,0.4402,-0.8104
2500241,0.2489,-0.8781
2508198,0.0026,-0.9612
2516319,-0.2078,-0.9771
2524207,-0.4680,-0.8869
2532255,-0.8089,-0.7639
2540198,-0.8263,-0.6782
2548248,-0.8311,-0.4389
2556227,-0.9158,-0.0963
2564234,-0.9349,-0.0184
2572233,-0.9370,-0.0185
2580325,-0.9366,-0.0075
2588241,-0.9177,0.0720
2596196,-0.8730,0.2945
2604246,-0.7798,0.6693
2612195,-0.7097,0.7140
2620252,-0.5972,0.7500
2628192,-0.3262,0.8260
2636234,-0.1532,0.8853
2644185,-0.0404,0.9122
2652224,0.0628,0.8914
2660205,0.1846,0.8489
2668257,0.3353,0.7927
2676212,0.5403,0.7051
2684262,0.6178,0.5499
2692213,0.6643,0.2788
2700236,0.7400,-0.0065
2708187,0.7028,-0.1121
2716244,0.6371,-0.3515
2724190,0.5460,-0.7618
2732298,0.5044,-0.7726
2740193,0.4225,-0.8153
2748334,0.2409,-0.8764
2756229,0.0379,-0.9427
2764242,-0.1293,-0.9883
2772231,-0.3030,-0.9408
2780318,-0.5408,-0.8586
2788230,-0.8029,-0.7654
2796194,-0.8218,-0.6335
2804254,-0.8651,-0.3610
2812206,-0.9382,-0.0583
2820232,-0.9538,-0.0131
2828185,-0.9564,-0.0049
2836214,-0.9389,0.0654
2844193,-0.8937,0.2946
2852244,-0.7710,0.6913
2860179,-0.6785,0.7334
2868227,-0.5692,0.7635
2876183,-0.3683,0.8261
2884234,-0.1417,0.9027
2892179,-0.0364,0.9187
2900232,0.0651,0.8895
2908182,0.1994,0.8430
2916219,0.3795,0.7805
2924176,0.5693,0.6951
2932220,0.6106,0.5171
2940188,0.6714,0.2699
2948295,0.7393,0.0208
2956204,0.7226,-0.0813
2964185,0.6711,-0.2716
2972233,0.5982,-0.6062
2980340,0.4611,-0.8013
2988221,0.3199,-0.8578
2996174,0.1203,-0.9255
3004229,-0.1123,-0.9929
3012198,-0.2957,-0.9495
3020212,-0.5631,-0.8590
3028193,-0.8067,-0.7661
3036226,-0.8286,-0.6508
3044183,-0.8520,-0.4678
3052217,-0.9131,-0.1959
3060164,-0.9510,-0.0133
3068236,-0.9566,-0.0132
3076199,-0.9540,0.0112
3084236,-0.9120,0.1298
3092176,-0.8556,0.3937
3100218,-0.7541,0.7023
3108185,-0.6862,0.7231
3116214,-0.5261,0.7713
3124171,-0.2353,0.8582
3132287,-0.0528,0.9126
3140176,0.0801,0.8866
3148216,0.2404,0.8311
3156199,0.4332,0.7520
3164198,0.5665,0.6900
3172201,0.5967,0.5434
3180360,0.6331,0.3671
3188203,0.7003,0.1345
3196178,0.7329,-0.0210
3204262,0.7224,-0.0235
3212177,0.7122,-0.1071
3220228,0.6611,-0.3133
3228173,0.5956,-0.6106
3236225,0.5016,-0.7849
3244197,0.3865,-0.8337
3252237,0.1775,-0.9054
3260185,-0.0620,-0.9843
3268202,-0.2536,-0.9696
3276200,-0.4990,-0.8824
3284221,-0.8068,-0.7675
3292175,-0.8251,-0.6604
3300199,-0.8481,-0.4411
3308192,-0.9230,-0.1497
3316219,-0.9557,-0.0109
3324183,-0.9569,0.0004
3332214,-0.9230,0.1088
3340164,-0.8836,0.3288
3348209,-0.7615,0.7008
3356175,-0.6784,0.7349
3364179,-0.5490,0.7713
3372192,-0.3129,0.8436
3380311,-0.0810,0.9200
3388209,0.0224,0.9070
3396147,0.1625,0.8589
3404214,0.3313,0.8017
3412163,0.5362,0.7208
3420197,0.5886,0.6230
3428160,0.6333,0.3904
3436212,0.7048,0.1313
3444157,0.7282,-0.0360
3452213,0.6966,-0.1379
3460150,0.6408,-0.4039
3468186,0.5453,-0.7584
3476158,0.4723,-0.7916
3484205,0.3420,-0.8503
3492156,0.1388,-0.9188
3500209,-0.0961,-0.9914
3508151,-0.2487,-0.9647
3516188,-0.4731,-0.8844
3524157,-0.7762,-0.7804
3532201,-0.8075,-0.7419
3540156,-0.8211,-0.6016
3548275,-0.8562,-0.3951
3556191,-0.9076,-0.1491
3564184,-0.9449,-0.0119
3572179,-0.9495,-0.0034
3580293,-0.9196,0.0982
3588192,-0.8759,0.3152
3596157,-0.7359,0.6284
3604189,-0.4770,0.7985
3612145,-0.2237,0.8777
3620190,-0.0262,0.9230
3628140,0.1548,0.8633
3636223,0.3617,0.7909
3644148,0.5645,0.7031
3652201,0.5802,0.6395
3660144,0.6033,0.4869
3668908,0.6503,0.3340
3676234,0.7046,0.1368
3684246,0.7373,-0.0399
3692234,0.7048,-0.1510
3700243,0.6373,-0.4286
3708226,0.5009,-0.7838
3716213,0.3225,-0.8574
3724177,0.1176,-0.9267
3732171,-0.1130,-0.9923
3740150,-0.2338,-0.9684
3748287,-0.4508,-0.8905
3756163,-0.7437,-0.7879
3764162,-0.8034,-0.7619
3772157,-0.8058,-0.7090
3780361,-0.8071,-0.6337
3788176,-0.8282,-0.4590
3796137,-0.8753,-0.2635
3804210,-0.9325,-0.0596
3812142,-0.9523,-0.0049
3820186,-0.9272,0.0829
3828139,-0.8771,0.3379
3836184,-0.7326,0.7150
3844133,-0.5406,0.7708
3852188,-0.2700,0.8492
3860134,-0.0676,0.9179
3868183,0.0600,0.8932
3876161,0.2205,0.8381
3884178,0.4027,0.7684
3892168,0.5546,0.6975
3900175,0.5724,0.6669
3908130,0.5924,0.5502
3916163,0.6087,0.4467
3924127,0.6619,0.2956
3932178,0.7156,0.1018
3940136,0.7318,-0.0800
3948378,0.6802,-0.2717
3956140,0.5859,-0.6108
3964166,0.3875,-0.8322
3972166,0.1646,-0.9110
3980321,-0.1075,-0.9904
3988168,-0.3124,-0.9415
3996127,-0.5927,-0.8433
4004229,-0.8078,-0.7633
4012217,-0.8124,-0.6860
4020208,-0.8241,-0.5219
4028205,-0.8787,-0.2665
4036165,-0.9395,-0.0252
4044172,-0.9457,0.0026
4052191,-0.9049,0.1635
4060200,-0.8297,0.5237
4068207,-0.6928,0.7258
4076196,-0.5562,0.7655
4084196,-0.3266,0.8341
4092192,-0.1024,0.9152
4100192,0.0193,0.9075
4108156,0.1797,0.8531
4116160,0.3690,0.7884
4124137,0.5678,0.7007
4132181,0.6049,0.5462
4140154,0.6701,0.2940
4148348,0.7386,0.0373
4156149,0.7178,-0.1167
4164281,0.6628,-0.3411
4172161,0.5657,-0.7095
4180327,0.4226,-0.8150
4188162,0.2417,-0.8853
4196149,-0.0133,-0.9669
4204173,-0.2198,-0.9730
4212120,-0.4790,-0.8862
4220156,-0.8051,-0.7672
4228115,-0.8119,-0.7212
4236160,-0.8255,-0.5672
4244143,-0.8727,-0.3215
4252183,-0.9297,-0.0600
4260113,-0.9440,-0.0161
4268162,-0.9378,0.0276
4276158,-0.9006,0.2041
4284164,-0.8308,0.5240
4292138,-0.6880,0.7246
4300166,-0.4852,0.7767
4308122,-0.2417,0.8549
4316165,-0.0461,0.9131
4324114,0.1020,0.8826
4332142,0.2721,0.8201
4340139,0.4745,0.7350
4348207,0.5884,0.6434
4356129,0.6328,0.3967
4364166,0.7100,0.1329
4372174,0.7414,-0.0312
4380311,0.7198,-0.1099
4388149,0.6636,-0.3331
4396112,0.5704,-0.7017
4404152,0.4019,-0.8264
4412122,0.1920,-0.9020
4420150,-0.0928,-0.9881
4428135,-0.2968,-0.9503
4436140,-0.5915,-0.8509
4444107,-0.8070,-0.7668
4452153,-0.8248,-0.6501
4460106,-0.8378,-0.4513
4468158,-0.9057,-0.1467
4476146,-0.9401,-0.0165
4484164,-0.9421,0.0113
4492109,-0.9087,0.1807
4500152,-0.8456,0.4926
4508122,-0.7226,0.7139
4516150,-0.5732,0.7590
4524117,-0.3072,0.8382
4532175,-0.0762,0.9175
4540101,0.0689,0.8895
4548248,0.2627,0.8237
4556147,0.5041,0.7292
4564136,0.5872,0.6396
4572132,0.6250,0.4136
4580321,0.6888,0.1878
4588151,0.7478,-0.0173
4596110,0.7456,-0.0204
4604149,0.7338,-0.0569
4612138,0.6973,-0.2332
4620141,0.6115,-0.5283
4628109,0.4174,-0.8228
4636159,0.1635,-0.9133
4644112,-0.1189,-0.9967
4652149,-0.3762,-0.9286
4660094,-0.7175,-0.8087
4668153,-0.8131,-0.7374
4676099,-0.8370,-0.5640
4684143,-0.8754,-0.3038
4692117,-0.9391,-0.0407
4700143,-0.9482,-0.0123
4708090,-0.9319,0.0589
4716153,-0.8988,0.2353
4724103,-0.8134,0.5764
4732154,-0.6471,0.7429
4740104,-0.4431,0.8036
4748197,-0.1896,0.8889
4756111,-0.0176,0.9192
4764115,0.1661,0.8590
4772128,0.3772,0.7875
4780276,0.5656,0.7019
4788134,0.6104,0.5378
4796115,0.6570,0.3147
4804117,0.7152,0.1194
4812098,0.7433,-0.0304
4820117,0.7245,-0.0991
4828090,0.6813,-0.2992
4836124,0.5147,-0.5824
4844102,0.2657,-0.8755
4852150,-0.0243,-0.9727
4860088,-0.2687,-0.9593
4868140,-0.5789,-0.8532
4876089,-0.8080,-0.7650
4884130,-0.8161,-0.6756
4892100,-0.8291,-0.5014
4900136,-0.8795,-0.2696
4908094,-0.9460,-0.0411
4916115,-0.9373,0.0499
4924089,-0.8919,0.3056
4932172,-0.7297,0.7146
4940086,-0.4982,0.7833
4948116,-0.2386,0.8661
4956117,-0.0748,0.9195
4964117,0.0388,0.9011
4972210,0.2099,0.8424
4980278,0.3943,0.7775
4988138,0.5620,0.7074
4996085,0.5798,0.6606
5004126,0.6143,0.5195
5012098,0.6454,0.3841
5020136,0.6898,0.2269
5028085,0.7415,0.0273
5036129,0.7171,-0.1441
5044081,0.6549,-0.3846
5052145,0.4875,-0.7115
5060095,0.2433,-0.8819
5068120,-0.0366,-0.9728
5076091,-0.2794,-0.9562
5084102,-0.5767,-0.8577
5092091,-0.8099,-0.7670
5100124,-0.8209,-0.6953
5108070,-0.8363,-0.5720
5116134,-0.8701,-0.3719
5124072,-0.9301,-0.1349
5132109,-0.9555,0.0158
5140093,-0.8990,0.1928
5148310,-0.8158,0.5668
5156086,-0.6528,0.7362
5164102,-0.4419,0.8001
5172113,-0.1989,0.8792
5180274,-0.0371,0.9190
5188127,0.1155,0.8749
5196087,0.2901,0.8146
5204122,0.4999,0.7370
5212076,0.5982,0.6083
5220107,0.6598,0.3414
5228079,0.7340,0.0688
5236175,0.7362,-0.0702
5244089,0.6998,-0.1969
5252122,0.6355,-0.4711
5260092,0.5113,-0.7701
5268116,0.3427,-0.8441
5276069,0.1164,-0.9231
5284104,-0.1322,-0.9912
5292067,-0.3627,-0.9299
5300132,-0.6732,-0.8238
5308072,-0.8091,-0.7585
5316120,-0.8370,-0.6137
5324084,-0.8632,-0.3963
5332187,-0.9387,-0.1111
5340087,-0.9609,-0.0009
5348264,-0.9123,0.1527
5356076,-0.8268,0.5287
5364106,-0.6756,0.7296
5372102,-0.5175,0.7779
5380274,-0.2818,0.8515
5388112,-0.0704,0.9197
5396067,0.0553,0.8972
5404096,0.2333,0.8411
5412080,0.4481,0.7675
5420110,0.5846,0.6459
5428068,0.6513,0.3822
5436119,0.7285,0.0917
5444064,0.7319,-0.0898
5452107,0.6845,-0.2680
5460058,0.6043,-0.6009
5468104,0.4416,-0.8001
5476060,0.2447,-0.8798
5484284,-0.0136,-0.9669
5492184,-0.2349,-0.9717
5500188,-0.4995,-0.8839
5508144,-0.8009,-0.7735
5516246,-0.8140,-0.7383
5524098,-0.8391,-0.5720
5532139,-0.8713,-0.3157
5540072,-0.9518,-0.0248
5548275,-0.9420,0.0444
5556076,-0.8868,0.3082
5564107,-0.7366,0.7130
5572095,-0.5319,0.7768
5580257,-0.2851,0.8539
5588104,-0.0591,0.9207
5596055,0.0965,0.8872
5604102,0.3044,0.8162
5612073,0.5220,0.7337
5620108,0.5886,0.6314
5628073,0.6454,0.4029
5636089,0.7037,0.1737
5644059,0.7443,-0.0402
5652122,0.7061,-0.1724
5660060,0.6422,-0.4261
5668096,0.4960,-0.7816
5676050,0.2918,-0.8665
5684102,0.0440,-0.9495
5692051,-0.1873,-0.9838
5700142,-0.4347,-0.9057
5708096,-0.7477,-0.7971
5716093,-0.8081,-0.7584
5724075,-0.8376,-0.6172
5732115,-0.8581,-0.3957
5740075,-0.9334,-0.1154
5748086,-0.9654,-0.0147
5756066,-0.9521,0.0309
5764069,-0.9003,0.2735
5772088,-0.7455,0.7059
5780271,-0.5023,0.7856
5788092,-0.2653,0.8593
5796043,-0.0681,0.9194
5804071,0.0587,0.8986
5812065,0.2084,0.8488
5820103,0.3777,0.7899
5828043,0.5568,0.7132
5836079,0.5966,0.6066
5844036,0.6408,0.3957
5852090,0.6915,0.1960
5860049,0.7448,-0.0145
5868076,0.7120,-0.1462
5876043,0.6560,-0.3854
5884063,0.5114,-0.7331
5892061,0.2887,-0.8710
5900091,0.0260,-0.9598
5908044,-0.2314,-0.9749
5916103,-0.5238,-0.8774
5924049,-0.8019,-0.7724
5932115,-0.8206,-0.7245
5940057,-0.8444,-0.5920
5948069,-0.8621,-0.3696
5956044,-0.9283,-0.1074
5964077,-0.9480,-0.0202
5972077,-0.9509,0.0073
5980263,-0.9100,0.1730
5988079,-0.8145,0.5447
5996028,-0.5602,0.7666
6004126,-0.2989,0.8465
6012056,-0.0708,0.9174
6020079,0.0909,0.8825
6028029,0.2507,0.8279
6036092,0.4778,0.7389
6044029,0.5801,0.6614
6052273,0.6375,0.4218
6060030,0.7108,0.1507
6068099,0.7465,-0.0304
6076042,0.7437,-0.0409
6084091,0.7166,-0.1394
6092041,0.6497,-0.3879
6100075,0.5588,-0.7468
6108025,0.4175,-0.8148
6116073,0.2256,-0.8889
6124049,-0.0320,-0.9704
6132111,-0.2215,-0.9720
6140031,-0.4607,-0.8877
6148189,-0.7556,-0.7844
6156037,-0.8061,-0.7611
6164046,-0.8145,-0.6444
6172061,-0.8365,-0.4477
6180274,-0.8910,-0.2281
6188093,-0.9497,-0.0133
6196058,-0.9213,0.1238
6204082,-0.8640,0.4296
6212043,-0.6847,0.7260
6220071,-0.4756,0.7888
6228033,-0.2503,0.8615
6236058,-0.0676,0.9174
6244029,0.0460,0.8969
6252090,0.1801,0.8538
6260043,0.3240,0.8018
6268087,0.5011,0.7364
6276019,0.5736,0.6790
6284078,0.6169,0.5115
6292041,0.6552,0.3249
6300050,0.7148,0.1262
6308042,0.7432,-0.0432
6316065,0.7186,-0.1306
6324028,0.6562,-0.3597
6332108,0.5615,-0.7420
6340031,0.4163,-0.8133
6348137,0.2334,-0.8817
6356042,-0.0078,-0.9618
6364018,-0.1920,-0.9799
6372045,-0.4220,-0.9047
6380279,-0.7323,-0.7957
6388060,-0.8029,-0.7659
6396072,-0.8136,-0.6959
6404059,-0.8217,-0.5925
6412032,-0.8491,-0.4302
6420066,-0.9028,-0.2126
6428022,-0.9586,-0.0310
6436050,-0.9653,-0.0008
6444027,-0.9417,0.1134
6452075,-0.8387,0.4300
6460014,-0.5792,0.7686
6468065,-0.3365,0.8373
6476012,-0.0910,0.9186
6484065,0.0430,0.8974
6492010,0.2321,0.8308
6500060,0.4181,0.7601
6508024,0.5609,0.6973
6516063,0.5807,0.6559
6524034,0.6072,0.5418
6532066,0.6235,0.4275
6540013,0.6661,0.2742
6548208,0.7269,0.0737
6556025,0.7220,-0.1044
6564051,0.6743,-0.2948
6572039,0.5908,-0.6156
6580234,0.4471,-0.8064
6588045,0.2643,-0.8776
6596006,0.0524,-0.9501
6604069,-0.1403,-0.9951
6612011,-0.3157,-0.9464
6620044,-0.5096,-0.8737
6627999,-0.7439,-0.7935
6636066,-0.8055,-0.7668
6644009,-0.8140,-0.6948
6652043,-0.8235,-0.5706
6659999,-0.8561,-0.4052
6668055,-0.9103,-0.1833
6676012,-0.9584,0.0094
6684078,-0.9042,0.1880
6692028,-0.8289,0.5236
6700056,-0.6511,0.7390
6708027,-0.4652,0.7949
6716063,-0.2292,0.8696
6723994,-0.0442,0.9173
6732143,0.1110,0.8751
6740022,0.2860,0.8122
6748192,0.4843,0.7300
6756033,0.5662,0.6891
6764024,0.6082,0.5323
6772043,0.6435,0.3382
6780231,0.7193,0.1011
6788033,0.7419,-0.0332
6796009,0.7386,-0.0508
6804057,0.7094,-0.1572
6812002,0.6579,-0.3766
6820044,0.5882,-0.6791
6828017,0.5268,-0.7611
6836053,0.4127,-0.8133
6844002,0.2308,-0.8838
6852059,0.0038,-0.9596
6860002,-0.1860,-0.9809
6868032,-0.4311,-0.9004
6876005,-0.7660,-0.7856
6884039,-0.8157,-0.7060
6892009,-0.8347,-0.5267
6900052,-0.8917,-0.2848
6908005,-0.9628,-0.0392
6916044,-0.9646,-0.0061
6924009,-0.9373,0.0897
6932039,-0.8771,0.3614
6939996,-0.7173,0.7172
6948230,-0.5439,0.7711
6956004,-0.3204,0.8406
6964006,-0.0766,0.9192
6972019,0.0550,0.8943
6980267,0.2293,0.8366
6988029,0.4204,0.7644
6995984,0.5645,0.6987
7004070,0.5988,0.5989
7012066,0.6223,0.4183
7020037,0.6877,0.2050
7027990,0.7284,-0.0509
7036034,0.6786,-0.2037
7043989,0.6262,-0.4855
7052033,0.5421,-0.7636
7060004,0.4895,-0.7796
7068108,0.3680,-0.8374
7076066,0.1710,-0.8988
7084078,-0.0423,-0.9683
7092087,-0.1714,-0.9811
7100038,-0.3614,-0.9205
7108152,-0.6107,-0.8323
7116060,-0.7961,-0.7611
7123983,-0.8003,-0.7607
7132093,-0.8071,-0.6821
7139982,-0.8172,-0.5779
7148092,-0.8478,-0.4282
7155997,-0.8911,-0.2271
7164018,-0.9486,-0.0459
7172014,-0.9488,0.0289
7180229,-0.9024,0.2430
7188020,-0.7387,0.6487
7195993,-0.4807,0.7903
7204027,-0.2507,0.8629
7212009,-0.0576,0.9130
7220019,0.0987,0.8770
7227977,0.2573,0.8195
7236031,0.4214,0.7548
7244017,0.5549,0.6884
7252043,0.5964,0.5875
7259982,0.6287,0.3898
7268022,0.7025,0.1422
7275984,0.7201,-0.0561
7284023,0.6934,-0.1548
7291990,0.6442,-0.3789
7300024,0.5736,-0.7320
7307987,0.5552,-0.7607
7316017,0.5085,-0.7668
7323999,0.4060,-0.8131
7332036,0.2646,-0.8665
7339986,0.0859,-0.9239
7348006,-0.1009,-0.9852
7355990,-0.2251,-0.9625
7364002,-0.4336,-0.8916
7372016,-0.7213,-0.7937
7380220,-0.7986,-0.7616
7388011,-0.8151,-0.6421
7395979,-0.8394,-0.4721
7403999,-0.8968,-0.2510
7411982,-0.9584,-0.0229
7420013,-0.9612,-0.0113
7427983,-0.9419,0.0507
7436013,-0.8776,0.3157
7443977,-0.7464,0.7020
7452033,-0.6321,0.7393
7459979,-0.4640,0.7904
7467998,-0.2108,0.8736
7475962,-0.0424,0.9123
7484016,0.0923,0.8785
7491976,0.2417,0.8256
7500014,0.4199,0.7552
7507972,0.5569,0.6880
7516010,0.6051,0.5470
7523963,0.6347,0.3449
7532029,0.7109,0.1130
7539983,0.7307,-0.0708
7548134,0.6974,-0.2117
7555989,0.6370,-0.4921
7563976,0.5536,-0.7619
7572020,0.4930,-0.7787
7580262,0.3495,-0.8368
7588004,0.1456,-0.9083
7595964,-0.0919,-0.9862
7604007,-0.2487,-0.9621
7611974,-0.5087,-0.8756
7619998,-0.8028,-0.7689
7627955,-0.8121,-0.7354
7636004,-0.8331,-0.6280
7643976,-0.8557,-0.4734
7652034,-0.9112,-0.2195
7659952,-0.9678,-0.0190
7667992,-0.9664,-0.0186
7675964,-0.9579,0.0068
7684036,-0.9211,0.1671
7691979,-0.8372,0.4916
7700001,-0.6719,0.7325
7707952,-0.4918,0.7864
7716021,-0.2635,0.8576
7723985,-0.0658,0.9124
7731979,0.0610,0.8888
7739961,0.2054,0.8385
7748201,0.3694,0.7781
7755973,0.5511,0.6977
7763985,0.5762,0.6486
7771984,0.6330,0.4347
7780196,0.6945,0.1857
7787996,0.7299,-0.0541
7795946,0.6904,-0.1549
7803997,0.6449,-0.3594
7812002,0.5806,-0.7046
7820000,0.5476,-0.7614
7827950,0.4913,-0.7762
7835988,0.3687,-0.8300
7843947,0.1978,-0.8897
7852003,-0.0081,-0.9559
7859953,-0.1545,-0.9860
7867998,-0.3528,-0.9225
7875954,-0.6340,-0.8258
7884003,-0.8027,-0.7645
7891951,-0.8270,-0.6365
7899996,-0.8623,-0.4261
7907953,-0.9422,-0.1379
7915991,-0.9686,-0.0132
7923947,-0.9632,-0.0061
7932014,-0.9335,0.1114
7939949,-0.8665,0.3930
7947975,-0.7554,0.7020
7955967,-0.6946,0.7245
7963961,-0.5614,0.7654
7971983,-0.3503,0.8312
7980211,-0.1095,0.9121
7987994,-0.0113,0.9132
7995947,0.1073,0.8755
8003994,0.2511,0.8270
8011944,0.4381,0.7554
8019983,0.5645,0.6962
8027960,0.5826,0.6287
8035992,0.6029,0.4897
8043937,0.6546,0.3127
8051994,0.7261,0.0681
8059945,0.7238,-0.0436
8067990,0.7048,-0.0890
8075954,0.6595,-0.2856
8083984,0.5859,-0.6042
8091944,0.5338,-0.7639
8099979,0.4669,-0.7922
8107937,0.3311,-0.8476
8115967,0.1541,-0.9058
8123946,-0.0305,-0.9669
8132048,-0.1680,-0.9885
8139945,-0.3353,-0.9362
8147969,-0.5491,-0.8588
8155943,-0.8068,-0.7646
8163966,-0.8226,-0.6654
8171975,-0.8438,-0.4655
8180221,-0.9180,-0.1722
8187983,-0.9592,-0.0173
8195939,-0.9606,-0.0170
8203978,-0.9470,0.0284
8211933,-0.8729,0.2578
8219984,-0.7955,0.6164
8227939,-0.7681,0.6887
8236002,-0.7681,0.6886
8243962,-0.7560,0.6891
8251996,-0.6711,0.7170
8259925,-0.5730,0.7470
8267963,-0.4092,0.8001
8275941,-0.2354,0.8665
8283984,-0.0797,0.9116
8291954,0.0176,0.9059
8299962,0.1477,0.8666
8307943,0.3140,0.8107
8315977,0.5089,0.7306
8323949,0.5814,0.6427
8332055,0.6175,0.4604
8339939,0.6724,0.2546
8347959,0.7390,0.0238
8355963,0.7209,-0.0445
8363953,0.7094,-0.0788
8371959,0.6731,-0.2137
8380220,0.6195,-0.4674
8387965,0.5854,-0.7009
8395922,0.5683,-0.7583
8403970,0.5661,-0.7584
8411938,0.5537,-0.7592
8419965,0.5257,-0.7597
8427935,0.4623,-0.7829
8435964,0.3641,-0.8260
8443915,0.2164,-0.8762
8451972,0.0383,-0.9340
8459927,-0.1031,-0.9871
8467983,-0.2279,-0.9673
8475929,-0.3987,-0.9075
8483974,-0.6393,-0.8249
8491933,-0.8055,-0.7671
8499972,-0.8183,-0.7213
8507919,-0.8452,-0.6221
8515953,-0.8598,-0.4654
8523917,-0.9048,-0.1859
8531988,-0.9540,-0.0292
8539918,-0.9618,-0.0293
8547944,-0.9618,-0.0267
8555937,-0.9598,-0.0196
8563950,-0.9528,0.0064
8571968,-0.9122,0.1225
8580241,-0.8557,0.3439
8587970,-0.7699,0.6795
8595923,-0.7054,0.6977
8603964,-0.5617,0.7463
8611912,-0.3515,0.8198
8619952,-0.1440,0.8961
8627904,-0.0345,0.9124
8635966,0.0773,0.8825
8643917,0.1970,0.8407
8651955,0.3338,0.7918
8659918,0.4910,0.7298
8668718,0.5654,0.6917
8675981,0.5870,0.6220
8684004,0.6097,0.5060
8692042,0.6397,0.3629
8700012,0.6883,0.1554
8707974,0.7306,-0.0279
8716033,0.7268,-0.0275
8723935,0.7271,-0.0280
8731939,0.7211,-0.0406
8739936,0.7080,-0.0855
8747936,0.6667,-0.2352
8755940,0.6204,-0.5216
8763914,0.5667,-0.7596
8771928,0.5562,-0.7607
8779932,0.5145,-0.7638
8787922,0.4333,-0.8051
8795920,0.3162,-0.8540
8803965,0.1670,-0.9016
8811930,-0.0023,-0.9573
8819951,-0.1244,-0.9911
8827931,-0.2763,-0.9551
8835954,-0.4732,-0.8846
8843909,-0.7581,-0.7813
8851956,-0.8060,-0.7617
8859914,-0.8167,-0.7072
8867944,-0.8219,-0.6377
8875898,-0.8148,-0.5251
8883933,-0.8632,-0.2574
8891915,-0.9311,-0.0264
8899939,-0.9315,-0.0276
8907918,-0.9360,-0.0277
8915944,-0.9411,-0.0276
8923900,-0.9508,-0.0257
8932012,-0.9499,-0.0146
8939912,-0.9298,0.0308
8948124,-0.8715,0.2089
8956078,-0.7957,0.5155
8963926,-0.7540,0.6912
8971925,-0.7132,0.6914
8980206,-0.5653,0.7412
8987935,-0.3676,0.8090
8995895,-0.1600,0.8869
9003932,-0.0680,0.9086
9011916,0.0197,0.8971
9019937,0.1202,0.8655
9027898,0.2382,0.8220
9035951,0.3815,0.7658
9043946,0.5402,0.6932
9051946,0.5708,0.6373
9059887,0.6149,0.4902
9067946,0.6439,0.3333
9075889,0.6971,0.1175
9083934,0.7308,-0.0254
9091899,0.7302,-0.0254
9099913,0.7301,-0.0255
9107897,0.7283,-0.0307
9115929,0.7212,-0.0497
9123885,0.7044,-0.1081
9132012,0.6539,-0.2905
9139895,0.6126,-0.5811
9148061,0.5633,-0.7610
9155918,0.5369,-0.7620
9163927,0.4781,-0.7824
9171927,0.3909,-0.8246
9180274,0.2705,-0.8708
9187937,0.1167,-0.9162
9195901,-0.0479,-0.9727
9203962,-0.1489,-0.9892
9211887,-0.2971,-0.9435
9219925,-0.5069,-0.8704
9227922,-0.8017,-0.7640
9235923,-0.8061,-0.7532
9243902,-0.8236,-0.6475
9251907,-0.8287,-0.5032
9259905,-0.8803,-0.2285
9267921,-0.9341,-0.0233
9275896,-0.9395,-0.0253
9283948,-0.9494,-0.0235
9291892,-0.9444,-0.0061
9299931,-0.9089,0.0834
9307884,-0.8504,0.3517
9315905,-0.7605,0.6913
9323886,-0.6937,0.7090
9332011,-0.5378,0.7589
9339889,-0.3148,0.8267
9348088,-0.0821,0.9041
9355911,0.0070,0.9021
9363920,0.1328,0.8636
9371894,0.2775,0.8106
9380177,0.4563,0.7356
9387908,0.5551,0.6826
9395894,0.5982,0.5363
9403930,0.6303,0.3818
9411883,0.6706,0.2065
9419928,0.7419,-0.0066
9427869,0.7333,-0.0281
9435941,0.7283,-0.0395
9443886,0.6918,-0.1692
9451898,0.6406,-0.4323
9459886,0.5621,-0.7606
9467937,0.5378,-0.7626
9475930,0.4605,-0.7919
9483957,0.3319,-0.8495
9491886,0.1657,-0.9087
9499893,-0.0388,-0.9729
9507884,-0.1809,-0.9839
9515912,-0.3808,-0.9228
9523883,-0.6692,-0.8234
9531889,-0.8097,-0.7618
9539894,-0.8351,-0.6415
9548112,-0.8530,-0.4893
9555877,-0.8939,-0.2590
9563885,-0.9648,-0.0255
9571903,-0.9629,-0.0249
9580185,-0.9601,-0.0171
9587921,-0.9377,0.0548
9595871,-0.8700,0.2716
9603908,-0.7949,0.6274
9611879,-0.6877,0.7177
9619895,-0.5180,0.7667
9627874,-0.2750,0.8495
9635904,-0.0751,0.9102
9643870,0.0519,0.8899
9651908,0.2101,0.8342
9659860,0.4000,0.7635
9667927,0.5522,0.6865
9675863,0.5812,0.6015
9683921,0.6144,0.4509
9691866,0.6445,0.2861
9699915,0.7210,0.0635
9707866,0.7378,-0.0276
9715923,0.7363,-0.0277
9723873,0.7264,-0.0624
9731987,0.6825,-0.2104
9739873,0.6399,-0.4652
9747900,0.5631,-0.7591
9755883,0.5446,-0.7603
9763905,0.4579,-0.7910
9771895,0.3137,-0.8510
9779914,0.1164,-0.9154
9787895,-0.0900,-0.9836
9795855,-0.2165,-0.9724
9803915,-0.4151,-0.9030
9811859,-0.6809,-0.8097
9819890,-0.8050,-0.7635
9827878,-0.8125,-0.6783
9835891,-0.8252,-0.5225
9843845,-0.8820,-0.3025
9851897,-0.9528,-0.0483
9859893,-0.9647,-0.0162
9867894,-0.9522,0.0144
9875860,-0.8961,0.2252
9883911,-0.8116,0.5801
9891858,-0.6445,0.7354
9899906,-0.4593,0.7896
9907853,-0.2003,0.8729
9915906,-0.0194,0.9109
9923858,0.1606,0.8561
9931965,0.3577,0.7832
9939879,0.5541,0.6829
9947937,0.6044,0.5244
9955883,0.6586,0.2842
9963855,0.7439,0.0205
9971863,0.7361,-0.0362
9980293,0.7239,-0.0743
9987867,0.6723,-0.2496
9995863,0.6211,-0.5539
10003938,0.5535,-0.7628
10011872,0.4816,-0.7816
10019903,0.3399,-0.8469
10027865,0.1226,-0.9189
10035911,-0.1090,-0.9915
10043857,-0.2753,-0.9633
10051874,-0.4950,-0.8864
10059854,-0.7522,-0.7891
10067907,-0.8055,-0.7687
10075836,-0.8236,-0.6292
10083894,-0.8404,-0.4055
10091850,-0.9268,-0.0894
10099861,-0.9587,-0.0199
10107857,-0.9543,-0.0002
10115890,-0.9019,0.1667
10123845,-0.8448,0.4686
10131866,-0.7602,0.6958
10139873,-0.6984,0.7157
10147895,-0.5622,0.7582
10155862,-0.3653,0.8224
10163868,-0.1633,0.8893
10171857,-0.0347,0.9117
10180169,0.0905,0.8799
10187880,0.2422,0.8269
10195850,0.4435,0.7561
10203899,0.5960,0.6115
10211841,0.6585,0.3415
10219863,0.7418,0.0416
10227860,0.7270,-0.0855
10235902,0.6913,-0.1944
10243867,0.6392,-0.4333
10252838,0.5626,-0.7520
10259952,0.4824,-0.7870
10267934,0.3425,-0.8517
10275917,0.1294,-0.9218
10283909,-0.1074,-0.9952
10291885,-0.2967,-0.9629
10299908,-0.5346,-0.8788
10307835,-0.8026,-0.7732
10315874,-0.8189,-0.7418
10323848,-0.8477,-0.5862
10331856,-0.8700,-0.3490
10339844,-0.9404,-0.0846
10347864,-0.9618,-0.0219
10355843,-0.9450,0.0441
10363865,-0.8930,0.2917
10371862,-0.7690,0.6848
10380200,-0.5622,0.7659
10387875,-0.3694,0.8257
10395825,-0.1533,0.8986
10403877,-0.0130,0.9143
10411845,0.1413,0.8649
10419873,0.3149,0.8019
10427832,0.5209,0.7196
10435895,0.6088,0.5557
10443825,0.6595,0.2995
10451868,0.7443,0.0367
10459824,0.7400,-0.0475
10467861,0.7200,-0.1104
10475843,0.6692,-0.2965
10483881,0.6066,-0.5972
10491830,0.5087,-0.7703
10499860,0.3760,-0.8348
10507840,0.1670,-0.9109
10515866,-0.0999,-0.9904
10523881,-0.3020,-0.9518
10531837,-0.5898,-0.8528
10539839,-0.8062,-0.7693
10548056,-0.8350,-0.6637
10555866,-0.8518,-0.5014
10563843,-0.8946,-0.2520
10571844,-0.9667,-0.0250
10580187,-0.9641,-0.0233
10587870,-0.9521,0.0165
10595830,-0.9119,0.2100
10603872,-0.8256,0.5302
10611825,-0.6948,0.7256
10619881,-0.5186,0.7759
10627828,-0.3098,0.8453
10635869,-0.1000,0.9137
10643837,0.0057,0.9081
10651848,0.1398,0.8640
10659822,0.2958,0.8107
10667856,0.4879,0.7369
10675829,0.6010,0.5922
10683843,0.6608,0.3362
10691838,0.7386,0.0579
10699847,0.7271,-0.1137
10707822,0.6777,-0.3108
10715854,0.6011,-0.6292
10723835,0.4730,-0.7902
10731888,0.3067,-0.8558
10739832,0.0807,-0.9341
10747849,-0.1465,-0.9906
10755831,-0.3739,-0.9272
10763836,-0.6760,-0.8248
10771832,-0.8097,-0.7672
10780154,-0.8400,-0.6473
10787854,-0.8654,-0.4977
10795810,-0.9080,-0.2643
10803839,-0.9659,-0.0253
10811824,-0.9626,-0.0238
10819850,-0.9518,0.0159
10827818,-0.9102,0.1835
10835850,-0.8469,0.4566
10843800,-0.7029,0.7214
10851832,-0.4737,0.7839
10859833,-0.2126,0.8762
10867822,-0.0077,0.9096
10875828,0.1834,0.8467
10883871,0.3919,0.7683
10891812,0.5586,0.6851
10899860,0.6086,0.5370
10907812,0.6462,0.3553
10915861,0.7048,0.1753
10923826,0.7504,-0.0230
10931911,0.7383,-0.0732
10939818,0.7070,-0.1881
10947912,0.6537,-0.4156
10955841,0.5162,-0.6706
10963822,0.3127,-0.8558
10971830,0.0908,-0.9364
10980166,-0.1476,-0.9929
10987847,-0.3812,-0.9282
10995810,-0.6551,-0.8333
11003864,-0.8036,-0.7740
11011808,-0.8340,-0.6776
11019842,-0.8588,-0.5466
11027800,-0.8890,-0.3259
11035845,-0.9554,-0.0708
11043843,-0.9626,-0.0250
11051837,-0.9516,0.0168
11059816,-0.8998,0.2240
11067858,-0.8112,0.5699
11075805,-0.5706,0.7599
11083839,-0.3367,0.8337
11091811,-0.0875,0.9109
11099817,0.0333,0.8969
11107814,0.1875,0.8451
11115841,0.3492,0.7873
11123801,0.5148,0.7131
11131831,0.5679,0.6675
11139820,0.6100,0.5299
11147903,0.6244,0.4035
11155822,0.6755,0.2324
11163827,0.7430,0.0295
11171839,0.7316,-0.0672
11180137,0.6940,-0.1985
11187859,0.6440,-0.4380
11195792,0.5205,-0.7330
11203850,0.3380,-0.8528
11211787,0.1139,-0.9286
11219843,-0.1238,-0.9949
11227816,-0.3351,-0.9458
11235844,-0.5895,-0.8555
11243810,-0.8067,-0.7697
11251841,-0.8418,-0.6364
11259854,-0.8877,-0.3925
11267875,-0.9516,-0.1079
11275826,-0.9590,-0.0117
11283860,-0.9034,0.1823
11291805,-0.8107,0.5810
11299828,-0.6774,0.7239
11307789,-0.4937,0.7792
11315829,-0.2701,0.8562
11323785,-0.0796,0.9128
11331884,0.0123,0.9036
11339825,0.1282,0.8662
11347819,0.2671,0.8192
11355820,0.4341,0.7527
11363807,0.5648,0.6926
11371799,0.5956,0.5852
11380203,0.6030,0.4736
11387862,0.6329,0.3515
11395788,0.6747,0.2037
11403806,0.7266,0.0398
11411797,0.7310,-0.0218
11419852,0.7295,-0.0345
11427791,0.7144,-0.1397
11435828,0.6307,-0.3111
11443786,0.4648,-0.5024
11451834,0.2344,-0.7467
11459775,-0.0222,-0.9717
11467839,-0.2483,-0.9775
11475795,-0.4903,-0.8995
11483852,-0.7606,-0.7981
11491793,-0.8335,-0.6862
11499823,-0.8859,-0.4701
11507787,-0.9175,-0.2732
11515826,-0.9637,-0.0185
11523789,-0.9570,0.0000
11531805,-0.9163,0.1407
11539791,-0.8669,0.3935
11547801,-0.7571,0.7003
11555794,-0.6587,0.7309
11563792,-0.4735,0.7878
11571814,-0.2401,0.8652
11580212,-0.0514,0.9142
11587814,0.1003,0.8772
11595783,0.2897,0.8123
11603826,0.5090,0.7196
11611782,0.5819,0.6349
11619815,0.6231,0.4441
11627796,0.6532,0.2724
11635821,0.7119,0.0964
11643769,0.7460,-0.0223
11651811,0.7459,-0.0266
11659975,0.7340,-0.0417
11667835,0.6961,-0.1484
11675777,0.6475,-0.3552
11683821,0.5833,-0.6848
11691769,0.4904,-0.7798
11699801,0.3452,-0.8454
11707771,0.1348,-0.9173
11715783,-0.0943,-0.9896
11723765,-0.2535,-0.9703
11731822,-0.4503,-0.8974
11739762,-0.6894,-0.8087
11747819,-0.8087,-0.7665
11755807,-0.8166,-0.7100
11763803,-0.8314,-0.6028
11771814,-0.8548,-0.4458
11779869,-0.9120,-0.2638
11787810,-0.9621,-0.0959
11795758,-0.9687,-0.0007
11803782,-0.9444,0.0958
11811764,-0.8754,0.3420
11819854,-0.6527,0.6775
11827827,-0.3954,0.8194
11835871,-0.1666,0.8929
11843854,0.0046,0.9062
11851849,0.1926,0.8441
11859892,0.4044,0.7626
11867829,0.5660,0.6571
11875768,0.6302,0.4258
11883850,0.6884,0.1867
11891791,0.7470,-0.0270
11899809,0.7390,-0.0312
11907756,0.7253,-0.0614
11915810,0.6722,-0.2444
11923760,0.6222,-0.5329
11931797,0.5379,-0.7646
11939772,0.4484,-0.8012
11947774,0.2769,-0.8741
11955817,0.0420,-0.9528
11963794,-0.1566,-0.9920
11971769,-0.3716,-0.9283
11980146,-0.6290,-0.8322
11987898,-0.8058,-0.7683
11995763,-0.8272,-0.6797
12003834,-0.8380,-0.5532
12011768,-0.8683,-0.3600
12019810,-0.9525,-0.1154
12027790,-0.9684,-0.0114
12035795,-0.9477,0.0663
12043751,-0.8968,0.2925
12051782,-0.7110,0.6184
12059755,-0.4417,0.8045
12067817,-0.2007,0.8795
12075765,-0.0091,0.9086
12083800,0.1855,0.8458
12091761,0.4043,0.7612
12099795,0.5621,0.6605
12107771,0.6284,0.4350
12115798,0.6904,0.1821
12123764,0.7424,-0.0382
12131785,0.7300,-0.0961
12139748,0.6906,-0.2541
12147777,0.6303,-0.5154
12155776,0.5526,-0.7616
12163765,0.4774,-0.7875
12171760,0.3261,-0.8478
12180131,0.1129,-0.9212
12187788,-0.1208,-0.9891
12195752,-0.3200,-0.9415
12203796,-0.6217,-0.8391
12211742,-0.8081,-0.7666
12219803,-0.8283,-0.6603
12227739,-0.8470,-0.5254
12235822,-0.8846,-0.3244
12243747,-0.9552,-0.0904
12251778,-0.9680,-0.0155
12259765,-0.9521,0.0385
12267777,-0.9059,0.2528
12275741,-0.7661,0.6053
12283797,-0.5280,0.7754
12291742,-0.2978,0.8470
12299781,-0.0704,0.9128
12307756,0.0841,0.8817
12315788,0.2668,0.8178
12323754,0.4547,0.7418
12331776,0.5816,0.6451
12339756,0.6299,0.4284
12347760,0.7009,0.1848
12355764,0.7410,-0.0559
12363807,0.7033,-0.1885
12371739,0.6526,-0.4073
12380130,0.5778,-0.7054
12387766,0.4708,-0.7881
12395757,0.3293,-0.8511
12403772,0.1291,-0.9222
12411749,-0.1106,-0.9912
12419784,-0.3032,-0.9511
12427772,-0.5664,-0.8622
12435793,-0.8096,-0.7680
12443726,-0.8297,-0.6768
12451761,-0.8516,-0.5445
12459736,-0.8852,-0.3565
12467789,-0.9553,-0.1150
12475732,-0.9679,-0.0152
12483779,-0.9482,0.0534
12491727,-0.8887,0.3167
12499785,-0.6880,0.7306
12507774,-0.4104,0.8113
12515777,-0.1476,0.8950
12523737,0.0137,0.9017
12531769,0.1950,0.8409
12539766,0.3879,0.7679
12547775,0.5534,0.6816
12555749,0.5884,0.5756
12563745,0.6494,0.3391
12571765,0.7204,0.0786
12580136,0.7363,-0.0497
12587789,0.7238,-0.1348
12595728,0.6765,-0.3238
12603794,0.6095,-0.6122
12611736,0.5564,-0.7613
12619801,0.4742,-0.7891
12627732,0.2999,-0.8557
12635774,0.0626,-0.9387
12643719,-0.1474,-0.9891
12651772,-0.3654,-0.9261
12659731,-0.6736,-0.8216
12667761,-0.8089,-0.7561
12675725,-0.8426,-0.6066
12683767,-0.8764,-0.4080
12691750,-0.9228,-0.1986
12699785,-0.9650,-0.0197
12707742,-0.9492,0.0248
12715776,-0.9068,0.2330
12723731,-0.7635,0.5256
12731754,-0.4865,0.7882
12739747,-0.2411,0.8649
12747752,-0.0375,0.9114
12755756,0.1456,0.8603
12763737,0.3547,0.7849
12771736,0.5572,0.6796
12779976,0.6226,0.4574
12787749,0.6872,0.2063
12795712,0.7508,-0.0335
12803755,0.7435,-0.0640
12811713,0.7163,-0.1735
12819755,0.6607,-0.4009
12827718,0.5906,-0.6759
12835745,0.5302,-0.7704
12843728,0.4049,-0.8173
12851737,0.2127,-0.8895
12859769,-0.0355,-0.9733
12867764,-0.2352,-0.9713
12875722,-0.5038,-0.8849
12883756,-0.8087,-0.7693
12891717,-0.8383,-0.6589
12899739,-0.8787,-0.4382
12907752,-0.9317,-0.1651
12915769,-0.9618,-0.0239
12923708,-0.9448,0.0385
12931742,-0.8951,0.2873
12939727,-0.7762,0.6793
12947754,-0.5576,0.7623
12955760,-0.2872,0.8462
12963779,-0.0575,0.9094
12971775,0.0941,0.8759
12980120,0.2592,0.8178
12987748,0.4211,0.7542
12995715,0.5530,0.6894
13003774,0.5904,0.6040
13011770,0.6345,0.4563
13019766,0.6725,0.2717
13027704,0.6497,0.0333
13035744,0.5221,-0.2357
13043707,0.3439,-0.5393
13051768,0.1436,-0.8606
13059711,-0.0691,-0.9878
13067734,-0.2068,-0.9736
13075700,-0.4026,-0.9135
13083797,-0.6394,-0.8352
13091719,-0.8041,-0.7725
13099766,-0.8246,-0.6961
13107702,-0.8554,-0.5822
13115724,-0.8948,-0.3932
13123719,-0.9474,-0.1469
13131731,-0.9662,-0.0249
13139718,-0.9621,-0.0172
13147722,-0.9447,0.0917
13155727,-0.8905,0.3127
13163735,-0.7507,0.7061
13171723,-0.5792,0.7611
13180152,-0.1085,0.2761
13187739,-0.0092,-0.5159
13195713,-0.1403,0.0082
13203743,-0.1162,0.0990
13211703,-0.1125,-0.1132
13219773,-0.1129,-0.0146
13227705,-0.1129,0.0186
13235748,-0.1125,-0.0262
13243753,-0.1127,-0.0199
13251740,-0.1125,-0.0194
13259727,-0.1127,-0.0190
13267746,-0.1126,-0.0191
13275698,-0.1125,-0.0193
13283759,-0.1125,-0.0193
13291723,-0.1128,-0.0194
13299732,-0.1124,-0.0189
13307694,-0.1127,-0.0194
13315726,-0.1124,-0.0193
13323721,-0.1124,-0.0190
13331737,-0.1126,-0.0191
13339779,-0.1126,-0.0190
13347732,-0.1127,-0.0189
13355724,-0.1128,-0.0192
13363697,-0.1124,-0.0191
13371713,-0.1125,-0.0189
13380112,-0.1125,-0.0191
13387745,-0.1126,-0.0191
13395678,-0.1125,-0.0187
13403758,-0.1123,-0.0189
13411781,-0.1124,-0.0189
13419757,-0.1124,-0.0193
13427769,-0.1125,-0.0193
13435742,-0.1124,-0.0189
13443816,-0.1124,-0.0189
13451745,-0.1122,-0.0194
13459699,-0.1124,-0.0190
13467734,-0.1123,-0.0191
13475690,-0.1121,-0.0188
13483731,-0.1121,-0.0191
13491682,-0.1118,-0.0190
13499714,-0.1119,-0.0191
13507686,-0.1118,-0.0190
13515730,-0.1121,-0.0192
13523684,-0.1122,-0.0192
13531744,-0.1122,-0.0189
13539695,-0.1122,-0.0190
13547715,-0.1122,-0.0189
13555704,-0.1120,-0.0190
13563703,-0.1120,-0.0192
13571695,-0.1122,-0.0191
13580092,-0.1120,-0.0190
13587718,-0.1122,-0.0188
13595671,-0.1122,-0.0193
13603742,-0.1126,-0.0191
13611693,-0.1124,-0.0191
13619729,-0.1127,-0.0191
13627682,-0.1124,-0.0193
13635728,-0.1124,-0.0193
13643731,-0.1122,-0.0193
13651721,-0.1122,-0.0194
13659683,-0.1123,-0.0190
13667742,-0.1124,-0.0191
13675689,-0.1124,-0.0192
13683736,-0.1126,-0.0192
13691677,-0.1127,-0.0192
13699703,-0.1124,-0.0190
13707675,-0.1125,-0.0191
13715726,-0.1124,-0.0192
13723670,-0.1123,-0.0190
13731711,-0.1123,-0.0190
13739711,-0.1125,-0.0193
13747686,-0.1123,-0.0192
13755708,-0.1126,-0.0191
13763755,-0.1124,-0.0191
13771704,-0.1127,-0.0190
13779881,-0.1125,-0.0191
13787697,-0.1123,-0.0193
13795680,-0.1125,-0.0190
13803716,-0.1123,-0.0192
13811665,-0.1124,-0.0192
13819722,-0.1126,-0.0190
13827661,-0.1123,-0.0188
13835712,-0.1124,-0.0193
13843681,-0.1123,-0.0190
13851679,-0.1125,-0.0190
13859680,-0.1124,-0.0189
13867696,-0.1125,-0.0192
13875669,-0.1125,-0.0191
13883744,-0.1125,-0.0192
13891668,-0.1124,-0.0192
13899698,-0.1124,-0.0186
13907667,-0.1123,-0.0194
13915699,-0.1124,-0.0190
13923726,-0.1124,-0.0190
13931729,-0.1124,-0.0190
13939673,-0.1123,-0.0190
13947723,-0.1122,-0.0191
13955719,-0.1124,-0.0188
13963711,-0.1123,-0.0192
13971681,-0.1122,-0.0194
13980122,-0.1125,-0.0194
13987698,-0.1123,-0.0194
13995666,-0.1125,-0.0193
14003723,-0.1127,-0.0190
14011694,-0.1125,-0.0195
14019706,-0.1123,-0.0190
14027674,-0.1125,-0.0189
14035722,-0.1124,-0.0190
14043695,-0.1124,-0.0191
14051693,-0.1125,-0.0191
14059659,-0.1127,-0.0193
14067727,-0.1126,-0.0190
14075671,-0.1124,-0.0190
14083729,-0.1125,-0.0193
14091657,-0.1123,-0.0190
14099703,-0.1123,-0.0191
14107664,-0.1123,-0.0191
14115668,-0.1126,-0.0192
14123654,-0.1125,-0.0192
14131689,-0.1124,-0.0190
14139666,-0.1123,-0.0190
14147707,-0.1123,-0.0190
14155705,-0.1127,-0.0192
14163675,-0.1126,-0.0192
14171677,-0.1124,-0.0190
14180074,-0.1123,-0.0192
14187723,-0.1126,-0.0192
14195674,-0.1124,-0.0191
14203695,-0.1126,-0.0191
14211648,-0.1123,-0.0195
14219691,-0.1125,-0.0194
14227647,-0.1124,-0.0194
14235694,-0.1122,-0.0190
14243682,-0.1123,-0.0190
14251687,-0.1123,-0.0190
14259669,-0.1123,-0.0190
14267682,-0.1124,-0.0191
14275657,-0.1126,-0.0189
14283705,-0.1126,-0.0191
14291667,-0.1125,-0.0191
14299683,-0.1125,-0.0192
14307653,-0.1126,-0.0190
14315688,-0.1123,-0.0191
14323671,-0.1125,-0.0189
14331709,-0.1124,-0.0192
14339661,-0.1123,-0.0190
14347664,-0.1124,-0.0193
14355679,-0.1125,-0.0192
14363658,-0.1125,-0.0193
